{
  "viewport": {
    "w": 390,
    "h": 664
  },
  "shell": {
    "x": 0,
    "y": 162.734375,
    "width": 390,
    "height": 339.125,
    "top": 162.734375,
    "right": 390,
    "bottom": 501.859375,
    "left": 0
  },
  "composite": {
    "x": -308.09375,
    "y": 162.734375,
    "width": 643.5,
    "height": 339.125,
    "top": 162.734375,
    "right": 335.40625,
    "bottom": 501.859375,
    "left": -308.09375
  },
  "overLeft": 308.09375,
  "overRight": -54.59375,
  "widthCss": "643.5px",
  "rightCss": "54.600002px"
}