{
  "shell": {
    "left": 0,
    "right": 390,
    "width": 390,
    "top": 161.734375,
    "bottom": 500.859375,
    "height": 339.125
  },
  "composite": {
    "left": -241.796875,
    "right": 572.125,
    "width": 813.921875,
    "top": 161.734375,
    "bottom": 500.859375,
    "height": 339.125
  },
  "legend": {
    "left": 415.015625,
    "right": 567.015625,
    "width": 152,
    "top": 168.125,
    "bottom": 201.578125,
    "height": 33.453125
  },
  "hit": {
    "left": -241.796875,
    "right": 572.125,
    "width": 813.921875,
    "top": 161.734375,
    "bottom": 500.859375,
    "height": 339.125
  },
  "labels": {
    "left": -241.796875,
    "right": 572.125,
    "width": 813.921875,
    "top": 161.734375,
    "bottom": 500.859375,
    "height": 339.125
  }
}