{
  "shell": {
    "left": 0,
    "right": 390,
    "width": 390,
    "top": 161.734375,
    "bottom": 500.859375,
    "height": 339.125
  },
  "composite": {
    "left": -249.59375,
    "right": 564.328125,
    "width": 813.921875,
    "top": 161.734375,
    "bottom": 500.859375,
    "height": 339.125
  },
  "legend": {
    "left": 407.21875,
    "right": 559.21875,
    "width": 152,
    "top": 168.125,
    "bottom": 201.578125,
    "height": 33.453125
  },
  "hit": {
    "left": -249.59375,
    "right": 564.328125,
    "width": 813.921875,
    "top": 161.734375,
    "bottom": 500.859375,
    "height": 339.125
  },
  "labels": {
    "left": -249.59375,
    "right": 564.328125,
    "width": 813.921875,
    "top": 161.734375,
    "bottom": 500.859375,
    "height": 339.125
  }
}