{
  "shell": {
    "left": 0,
    "right": 390,
    "width": 390,
    "top": 161.734375,
    "bottom": 500.859375,
    "height": 339.125
  },
  "legend": {
    "left": 232.890625,
    "right": 384.890625,
    "width": 152,
    "top": 168.125,
    "bottom": 201.578125,
    "height": 33.453125
  },
  "hit": {
    "left": -405.59375,
    "right": 408.328125,
    "width": 813.921875,
    "top": 161.734375,
    "bottom": 500.859375,
    "height": 339.125
  },
  "labels": {
    "left": -405.59375,
    "right": 408.328125,
    "width": 813.921875,
    "top": 161.734375,
    "bottom": 500.859375,
    "height": 339.125
  },
  "viewport": {
    "w": 390,
    "h": 664
  }
}