{
  "vw": 390,
  "btnRight": 369.734375,
  "navRight": 387.28125,
  "navLeft": 59.6875,
  "scrollW": 390
}