{
  "initial": {
    "zoomText": "61.0%",
    "base": {
      "x": 76.05000305175781,
      "y": 162.734375,
      "width": 237.90000915527344,
      "height": 206.8662109375,
      "top": 162.734375,
      "right": 313.95001220703125,
      "bottom": 369.6005859375,
      "left": 76.05000305175781
    },
    "shell": {
      "x": 0,
      "y": 162.734375,
      "width": 390,
      "height": 339.125,
      "top": 162.734375,
      "right": 390,
      "bottom": 501.859375,
      "left": 0
    },
    "legend": {
      "x": 227.421875,
      "y": 169.125,
      "width": 152,
      "height": 33.453125,
      "top": 169.125,
      "right": 379.421875,
      "bottom": 202.578125,
      "left": 227.421875
    },
    "baseOverRight": -76.04998779296875,
    "baseOverLeft": -76.05000305175781
  },
  "z45": {
    "zoomText": "45.0%",
    "base": {
      "x": 107.25,
      "y": 162.734375,
      "width": 175.5,
      "height": 152.606201171875,
      "top": 162.734375,
      "right": 282.75,
      "bottom": 315.340576171875,
      "left": 107.25
    },
    "shell": {
      "x": 0,
      "y": 162.734375,
      "width": 390,
      "height": 339.125,
      "top": 162.734375,
      "right": 390,
      "bottom": 501.859375,
      "left": 0
    },
    "legend": {
      "x": 227.421875,
      "y": 169.125,
      "width": 152,
      "height": 33.453125,
      "top": 169.125,
      "right": 379.421875,
      "bottom": 202.578125,
      "left": 227.421875
    },
    "baseOverRight": -107.25,
    "baseOverLeft": -107.25
  },
  "z120": {
    "zoomText": "120.0%",
    "base": {
      "x": -39,
      "y": 162.734375,
      "width": 468,
      "height": 406.949951171875,
      "top": 162.734375,
      "right": 429,
      "bottom": 569.684326171875,
      "left": -39
    },
    "shell": {
      "x": 0,
      "y": 162.734375,
      "width": 390,
      "height": 339.125,
      "top": 162.734375,
      "right": 390,
      "bottom": 501.859375,
      "left": 0
    },
    "legend": {
      "x": 227.421875,
      "y": 169.125,
      "width": 152,
      "height": 33.453125,
      "top": 169.125,
      "right": 379.421875,
      "bottom": 202.578125,
      "left": 227.421875
    },
    "baseOverRight": 39,
    "baseOverLeft": 39
  },
  "legendLefts": [
    227.421875,
    227.421875,
    227.421875
  ]
}