{
  "topMetrics": {
    "viewport": {
      "w": 390,
      "h": 664
    },
    "header": {
      "x": 0,
      "y": 0,
      "width": 390,
      "height": 95,
      "top": 0,
      "right": 390,
      "bottom": 95,
      "left": 0
    },
    "logo": {
      "x": 5.59375,
      "y": -5.140625,
      "width": 187.1875,
      "height": 105.296875,
      "top": -5.140625,
      "right": 192.78125,
      "bottom": 100.15625,
      "left": 5.59375
    },
    "logoLink": {
      "x": 5.59375,
      "y": 0,
      "width": 187.1875,
      "height": 95,
      "top": 0,
      "right": 192.78125,
      "bottom": 95,
      "left": 5.59375
    },
    "menuBtn": {
      "x": 330.40625,
      "y": 25.5,
      "width": 44,
      "height": 44,
      "top": 25.5,
      "right": 374.40625,
      "bottom": 69.5,
      "left": 330.40625
    },
    "menuPanelClosed": {
      "x": 516.6481323242188,
      "y": 0,
      "width": 327.59375,
      "height": 664,
      "top": 0,
      "right": 844.2418823242188,
      "bottom": 664,
      "left": 516.6481323242188
    }
  },
  "openMetrics": {
    "menuBtn": {
      "x": 330.40625,
      "y": 25.5,
      "width": 44,
      "height": 44,
      "top": 25.5,
      "right": 374.40625,
      "bottom": 69.5,
      "left": 330.40625
    },
    "menuPanelOpen": {
      "x": 202.6834259033203,
      "y": 0,
      "width": 327.59375,
      "height": 664,
      "top": 0,
      "right": 530.2771759033203,
      "bottom": 664,
      "left": 202.6834259033203
    },
    "panelTransform": "matrix(1, 0, 0, 1, 7.681721, 0)",
    "panelRight": "0px",
    "panelWidth": "327.59375px"
  },
  "mapMetrics": {
    "shell": {
      "x": 0,
      "y": 187.734375,
      "width": 390,
      "height": 339.125,
      "top": 187.734375,
      "right": 390,
      "bottom": 526.859375,
      "left": 0
    },
    "layerRects": [
      {
        "className": "map-layer map-base",
        "rect": {
          "x": -124.80000305175781,
          "y": 167.3944091796875,
          "width": 436.79998779296875,
          "height": 379.8199462890625,
          "top": 167.3944091796875,
          "right": 311.99998474121094,
          "bottom": 547.21435546875,
          "left": -124.80000305175781
        },
        "transform": "matrix(1.12, 0, 0, 1.12, -101.400002, 0)"
      },
      {
        "className": "map-layer map-under-hit",
        "rect": {
          "x": -124.80000305175781,
          "y": 167.3944091796875,
          "width": 436.79998779296875,
          "height": 379.8199462890625,
          "top": 167.3944091796875,
          "right": 311.99998474121094,
          "bottom": 547.21435546875,
          "left": -124.80000305175781
        },
        "transform": "matrix(1.12, 0, 0, 1.12, -101.400002, 0)"
      },
      {
        "className": "map-layer map-hit",
        "rect": {
          "x": -124.80000305175781,
          "y": 167.3944091796875,
          "width": 436.79998779296875,
          "height": 379.8199462890625,
          "top": 167.3944091796875,
          "right": 311.99998474121094,
          "bottom": 547.21435546875,
          "left": -124.80000305175781
        },
        "transform": "matrix(1.12, 0, 0, 1.12, -101.400002, 0)"
      },
      {
        "className": "map-layer map-labels",
        "rect": {
          "x": -124.80000305175781,
          "y": 167.3944091796875,
          "width": 436.79998779296875,
          "height": 379.8199462890625,
          "top": 167.3944091796875,
          "right": 311.99998474121094,
          "bottom": 547.21435546875,
          "left": -124.80000305175781
        },
        "transform": "matrix(1.12, 0, 0, 1.12, -101.400002, 0)"
      }
    ]
  }
}