{
  "z100": {
    "base": {
      "x": -234,
      "y": 162.734375,
      "width": 624,
      "height": 339.125,
      "top": 162.734375,
      "right": 390,
      "bottom": 501.859375,
      "left": -234
    },
    "legend": {
      "x": 227.421875,
      "y": 169.125,
      "width": 152,
      "height": 33.453125,
      "top": 169.125,
      "right": 379.421875,
      "bottom": 202.578125,
      "left": 227.421875
    }
  },
  "z70": {
    "base": {
      "x": -140.39999389648438,
      "y": 162.734375,
      "width": 436.79998779296875,
      "height": 237.387451171875,
      "top": 162.734375,
      "right": 296.3999938964844,
      "bottom": 400.121826171875,
      "left": -140.39999389648438
    },
    "legend": {
      "x": 227.421875,
      "y": 169.125,
      "width": 152,
      "height": 33.453125,
      "top": 169.125,
      "right": 379.421875,
      "bottom": 202.578125,
      "left": 227.421875
    }
  },
  "z130": {
    "base": {
      "x": -327.6000061035156,
      "y": 162.734375,
      "width": 811.2000122070312,
      "height": 440.862548828125,
      "top": 162.734375,
      "right": 483.6000061035156,
      "bottom": 603.596923828125,
      "left": -327.6000061035156
    },
    "legend": {
      "x": 227.421875,
      "y": 169.125,
      "width": 152,
      "height": 33.453125,
      "top": 169.125,
      "right": 379.421875,
      "bottom": 202.578125,
      "left": 227.421875
    }
  },
  "withX": {
    "base": {
      "x": -309.6000061035156,
      "y": 162.734375,
      "width": 811.2000122070312,
      "height": 440.862548828125,
      "top": 162.734375,
      "right": 501.6000061035156,
      "bottom": 603.596923828125,
      "left": -309.6000061035156
    },
    "legend": {
      "x": 227.421875,
      "y": 169.125,
      "width": 152,
      "height": 33.453125,
      "top": 169.125,
      "right": 379.421875,
      "bottom": 202.578125,
      "left": 227.421875
    }
  }
}