{
  "w-193_1p-r-0": {
    "config": {
      "w": "193.1%",
      "r": "0"
    },
    "overLeft": 363.078125,
    "overRight": 0,
    "shellW": 390,
    "compW": 753.078125
  },
  "w-193_1p-r-1_2p": {
    "config": {
      "w": "193.1%",
      "r": "1.2%"
    },
    "overLeft": 367.75,
    "overRight": -4.671875,
    "shellW": 390,
    "compW": 753.078125
  },
  "w-193_1p-r-2_2p": {
    "config": {
      "w": "193.1%",
      "r": "2.2%"
    },
    "overLeft": 371.65625,
    "overRight": -8.578125,
    "shellW": 390,
    "compW": 753.078125
  },
  "w-188p-r-0": {
    "config": {
      "w": "188%",
      "r": "0"
    },
    "overLeft": 343.1875,
    "overRight": 0,
    "shellW": 390,
    "compW": 733.1875
  },
  "w-188p-r-1_2p": {
    "config": {
      "w": "188%",
      "r": "1.2%"
    },
    "overLeft": 347.859375,
    "overRight": -4.671875,
    "shellW": 390,
    "compW": 733.1875
  },
  "w-188p-r-2_2p": {
    "config": {
      "w": "188%",
      "r": "2.2%"
    },
    "overLeft": 351.765625,
    "overRight": -8.578125,
    "shellW": 390,
    "compW": 733.1875
  }
}